,aceptaciones@1000,pen_mes@1000,lift@1000,aceptaciones@5000,pen_mes@5000,lift@5000,aceptaciones@10000,pen_mes@10000,lift@10000,aceptaciones@20000,pen_mes@20000,lift@20000,aceptaciones@50000,pen_mes@50000,lift@50000
B0_aleatorio,426.0,36920.4,0.9285020573566084,2273.0,200508.1,0.9908381109725686,4546.0,403785.1,0.9908381109725686,9145.0,811173.3999999999,0.996614004052369,22859.0,2006521.8,0.9964614332917705
B1_popularidad_oferta,764.0,142283.60000000003,1.6381871262534884,3816.0,663898.4000000001,1.636471747063694,7167.0,1300443.3000000003,1.5367653316569045,11409.0,1650738.3000000003,1.2231725735226473,24103.0,2589224.1,1.0336446152902574
B2_regla_mt_primero,762.0,175183.80000000005,1.6268145094806266,3768.0,851223.2000000002,1.6088811211871394,7173.0,1380202.2000000002,1.531383264633141,11476.0,1667166.4000000004,1.2250212146194008,24287.0,2519068.2,1.0370195273426766
B3_popularidad_segmento,763.0,114373.70000000001,1.6304927567237164,3814.0,703038.6000000001,1.6300653667481664,7185.0,1283162.9000000001,1.5353984871638142,11399.0,1659944.0,1.2179545828239609,24146.0,2426744.8,1.0319758349633252
logistica_standard,802.0,139739.80000000005,1.7224142887858218,3945.0,708035.5000000001,1.6944948551770742,7220.0,1248882.9000000004,1.5506023896550665,11700.0,1579065.1000000003,1.256374512393648,24856.0,2502389.3000000003,1.0676391411985133
logistica_robust,802.0,142299.80000000005,1.722837629420259,3931.0,714376.9000000001,1.6888964392147225,7195.0,1256847.6,1.5456130603090725,11673.0,1587177.3000000003,1.2537832698393192,24830.0,2510418.3000000003,1.0667844972195766
logistica_quantile,805.0,144069.50000000006,1.7301326345556822,3948.0,715525.2000000001,1.6970344450250514,7208.0,1255089.8000000003,1.549167208680417,11725.0,1588195.0000000002,1.2599878969046816,24773.0,2500681.6,1.0648590249900103
modelo_motor_generalizable_31,796.0,142880.40000000005,1.7036154269972452,3938.0,720306.2000000001,1.6856375757575757,7231.0,1266231.8000000003,1.5475933608815426,11704.0,1599471.7000000002,1.2524569696969698,24915.0,2525202.0,1.0664718181818182
offset_mas_cliente,793.0,140070.70000000004,1.6943941144114412,3928.0,726487.2000000002,1.6785826182618262,7218.0,1287073.5000000002,1.5422618811881188,11560.0,1593025.3000000003,1.2350060506050604,24659.0,2476928.7,1.0537721177117712
