,ofertas_distintas_top1,entropia_top1,share_oferta_mas_frecuente,pct_top1_es_mt,pct_top1_mt_en_elegibles
B0_aleatorio,22.0,3.085179886211411,0.04878362723645257,0.10109981264570014,0.7274130479522536
B1_popularidad_oferta,22.0,2.991650207992607,0.08821384133522117,0.1247407788790206,0.897509775674007
B2_regla_mt_primero,22.0,3.0794557303426457,0.06440125284249368,0.1247407788790206,0.897509775674007
B3_popularidad_segmento,22.0,3.0679023522801843,0.06510204373507245,0.1247407788790206,0.897509775674007
logistica_standard,22.0,3.004885330168082,0.08847127472433175,0.1247407788790206,0.897509775674007
logistica_robust,22.0,3.0056485165657887,0.08696957995452011,0.1247407788790206,0.897509775674007
logistica_quantile,22.0,3.007552915817339,0.08616867607728722,0.1247407788790206,0.897509775674007
modelo_motor_generalizable_31,22.0,3.0050337007792045,0.09101700490553624,0.1247407788790206,0.897509775674007
offset_mas_cliente,22.0,3.067060279067256,0.0662461921311194,0.1247407788790206,0.897509775674007
