,recall@1,recall@2,recall@3,mrr,ndcg@3,n_clientes_evaluables
B2_regla_mt_primero,0.588837332626276,0.8839453798223519,0.9735118653055813,0.772576213834334,0.7858438867357677,37715.0
offset_mas_cliente,0.5895797428079014,0.8804984754076627,0.9715497812541429,0.7721882792623876,0.784608020439314,37715.0
B0_aleatorio,0.5724512793318308,0.8755932652790667,0.9715232666047992,0.7627946440408326,0.7760416265402088,37715.0
B1_popularidad_oferta,0.5866101020814,0.8806310486543816,0.9711520615139865,0.7706817737037808,0.7831424490043947,37715.0
logistica_robust,0.5843033275884927,0.880578019355694,0.9709664589685801,0.769505849005385,0.7826946535813184,37715.0
logistica_quantile,0.5840646957443988,0.8801007556675063,0.9709399443192364,0.7692928479889901,0.7828080369230408,37715.0
logistica_standard,0.5846480180299616,0.8808166511997879,0.9709134296698926,0.7697029412321736,0.7829201415825645,37715.0
B3_popularidad_segmento,0.5892615670157763,0.8807636219011004,0.9708073710725176,0.772021236971522,0.7844504524745272,37715.0
modelo_motor_generalizable_31,0.5881479517433382,0.8786954792522869,0.9702505634362986,0.7710529787945934,0.7836717528512203,37715.0
